15,15,6,6,4,4,10,10,400,400,104,0,3
15,15,6,6,4,4,10,10,400,400,28,0,3
15,15,6,6,4,4,10,10,400,400,0,32,3
15,15,6,6,4,4,10,10,400,400,0,56,3
15,15,6,6,4,4,10,10,400,400,40,0,3
15,15,6,6,4,4,10,10,400,400,64,0,3
15,15,6,6,4,4,10,10,400,400,0,40,3
15,15,6,6,4,4,10,10,400,400,84,0,3
15,15,6,6,4,4,10,10,400,400,48,0,3
15,15,6,6,4,4,10,10,400,400,8,0,3
15,15,6,6,4,4,10,10,400,400,72,0,3
15,15,6,6,4,4,10,10,400,400,0,8,3
15,15,6,6,4,7,10,10,400,350,0,211,3
15,15,6,6,4,7,10,10,400,350,0,182,3
15,15,6,6,4,7,10,10,400,350,0,175,3
15,15,6,6,4,7,10,10,400,350,0,197,3
15,15,6,6,4,7,10,10,400,350,0,207,3
15,15,6,6,4,7,10,10,400,350,0,225,3
15,15,6,6,4,7,10,10,400,350,0,174,3
15,15,6,6,4,7,10,10,400,350,0,176,3
15,15,6,6,4,7,10,10,400,350,0,219,3
15,15,6,6,4,7,10,10,400,350,0,196,3
15,15,6,6,4,7,10,10,400,350,0,205,3
15,15,6,6,4,7,10,10,400,350,0,167,3
15,15,6,6,4,74,10,10,400,700,0,432,3
15,15,6,6,4,74,10,10,400,700,0,410,3
15,15,6,6,4,74,10,10,400,700,0,434,3
15,15,6,6,4,74,10,10,400,700,0,402,3
15,15,6,6,4,74,10,10,400,700,0,432,3
15,15,6,6,4,74,10,10,400,700,0,434,3
15,15,6,6,4,74,10,10,400,700,0,404,3
15,15,6,6,4,74,10,10,400,700,0,418,3
15,15,6,6,4,74,10,10,400,700,0,412,3
15,15,6,6,4,74,10,10,400,700,0,436,3
15,15,6,6,4,74,10,10,400,700,0,424,3
15,15,6,6,4,74,10,10,400,700,0,402,3
15,15,6,6,4,93,10,10,400,550,310,0,3
15,15,6,6,4,93,10,10,400,550,320,0,3
15,15,6,6,4,93,10,10,400,550,310,0,3
15,15,6,6,4,93,10,10,400,550,340,0,3
15,15,6,6,4,93,10,10,400,550,300,0,3
15,15,6,6,4,93,10,10,400,550,290,0,3
15,15,6,6,4,93,10,10,400,550,320,0,3
15,15,6,6,4,93,10,10,400,550,320,0,3
15,15,6,6,4,93,10,10,400,550,310,0,3
15,15,6,6,4,93,10,10,400,550,300,0,3
15,15,6,6,4,93,10,10,400,550,280,0,3
15,15,6,6,4,93,10,10,400,550,320,0,3
15,15,6,6,4,751,10,10,400,600,0,465,3
15,15,6,6,4,751,10,10,400,600,0,471,3
15,15,6,6,4,751,10,10,400,600,0,462,3
15,15,6,6,4,751,10,10,400,600,0,452,3
15,15,6,6,4,751,10,10,400,600,0,465,3
15,15,6,6,4,751,10,10,400,600,0,456,3
15,15,6,6,4,751,10,10,400,600,0,451,3
15,15,6,6,4,751,10,10,400,600,0,455,3
15,15,6,6,4,751,10,10,400,600,0,453,3
15,15,6,6,4,751,10,10,400,600,0,439,3
15,15,6,6,4,751,10,10,400,600,0,452,3
15,15,6,6,4,751,10,10,400,600,0,461,3
15,15,6,6,4,1570,10,10,400,1300,0,878,3
15,15,6,6,4,1570,10,10,400,1300,0,878,3
15,15,6,6,4,1570,10,10,400,1300,0,881,3
15,15,6,6,4,1570,10,10,400,1300,0,832,3
15,15,6,6,4,1570,10,10,400,1300,0,818,3
15,15,6,6,4,1570,10,10,400,1300,0,863,3
15,15,6,6,4,1570,10,10,400,1300,0,902,3
15,15,6,6,4,1570,10,10,400,1300,0,866,3
15,15,6,6,4,1570,10,10,400,1300,0,862,3
15,15,6,6,4,1570,10,10,400,1300,0,857,3
15,15,6,6,4,1570,10,10,400,1300,0,890,3
15,15,6,6,4,1570,10,10,400,1300,0,881,3
15,15,6,6,4,725,10,10,400,750,0,472,3
15,15,6,6,4,725,10,10,400,750,0,476,3
15,15,6,6,4,725,10,10,400,750,0,463,3
15,15,6,6,4,725,10,10,400,750,0,482,3
15,15,6,6,4,725,10,10,400,750,0,475,3
15,15,6,6,4,725,10,10,400,750,0,496,3
15,15,6,6,4,725,10,10,400,750,0,454,3
15,15,6,6,4,725,10,10,400,750,0,467,3
15,15,6,6,4,725,10,10,400,750,0,480,3
15,15,6,6,4,725,10,10,400,750,0,487,3
15,15,6,6,4,725,10,10,400,750,0,490,3
15,15,6,6,7,7,10,10,350,350,26,0,3
15,15,6,6,7,7,10,10,350,350,103,0,3
15,15,6,6,7,7,10,10,350,350,0,46,3
15,15,6,6,7,7,10,10,350,350,28,0,3
15,15,6,6,7,7,10,10,350,350,48,0,3
15,15,6,6,7,7,10,10,350,350,56,0,3
15,15,6,6,7,7,10,10,350,350,17,0,3
15,15,6,6,7,7,10,10,350,350,0,5,3
15,15,6,6,7,7,10,10,350,350,0,43,3
15,15,6,6,7,7,10,10,350,350,39,0,3
15,15,6,6,7,7,10,10,350,350,0,90,3
15,15,6,6,7,7,10,10,350,350,34,0,3
15,15,6,6,7,7,10,10,350,350,5,0,3
15,15,6,6,7,7,10,10,350,350,14,0,3
15,15,6,6,7,7,10,10,350,350,70,0,3
15,15,6,6,7,7,10,10,350,350,0,17,3
15,15,6,6,7,74,10,10,350,700,0,601,3
15,15,6,6,7,74,10,10,350,700,0,601,3
15,15,6,6,7,74,10,10,350,700,0,610,3
15,15,6,6,7,74,10,10,350,700,0,599,3
15,15,6,6,7,74,10,10,350,700,0,610,3
15,15,6,6,7,74,10,10,350,700,0,598,3
15,15,6,6,7,74,10,10,350,700,0,585,3
15,15,6,6,7,74,10,10,350,700,0,587,3
15,15,6,6,7,74,10,10,350,700,0,589,3
15,15,6,6,7,93,10,10,350,550,70,0,3
15,15,6,6,7,93,10,10,350,550,125,0,3
15,15,6,6,7,93,10,10,350,550,170,0,3
15,15,6,6,7,93,10,10,350,550,130,0,3
15,15,6,6,7,93,10,10,350,550,45,0,3
15,15,6,6,7,93,10,10,350,550,110,0,3
15,15,6,6,7,93,10,10,350,550,165,0,3
15,15,6,6,7,93,10,10,350,550,20,0,3
15,15,6,6,7,93,10,10,350,550,215,0,3
15,15,6,6,7,93,10,10,350,550,110,0,3
15,15,6,6,7,93,10,10,350,550,160,0,3
15,15,6,6,7,93,10,10,350,550,125,0,3
15,15,6,6,7,93,10,10,350,550,190,0,3
15,15,6,6,7,93,10,10,350,550,145,0,3
15,15,6,6,7,93,10,10,350,550,150,0,3
15,15,6,6,7,93,10,10,350,550,105,0,3
15,15,6,6,7,93,10,10,350,550,145,0,3
15,15,6,6,7,93,10,10,350,550,135,0,3
15,15,6,6,7,751,10,10,350,600,0,551,3
15,15,6,6,7,751,10,10,350,600,0,560,3
15,15,6,6,7,751,10,10,350,600,0,556,3
15,15,6,6,7,751,10,10,350,600,0,562,3
15,15,6,6,7,751,10,10,350,600,0,550,3
15,15,6,6,7,751,10,10,350,600,0,562,3
15,15,6,6,7,751,10,10,350,600,0,558,3
15,15,6,6,7,751,10,10,350,600,0,556,3
15,15,6,6,7,751,10,10,350,600,0,559,3
15,15,6,6,7,1570,10,10,350,1300,0,1100,3
15,15,6,6,7,1570,10,10,350,1300,0,1136,3
15,15,6,6,7,1570,10,10,350,1300,0,1090,3
15,15,6,6,7,1570,10,10,350,1300,0,1132,3
15,15,6,6,7,1570,10,10,350,1300,0,1094,3
15,15,6,6,7,1570,10,10,350,1300,0,1112,3
15,15,6,6,7,1570,10,10,350,1300,0,1098,3
15,15,6,6,7,1570,10,10,350,1300,0,1124,3
15,15,6,6,7,1570,10,10,350,1300,0,1096,3
15,15,6,6,7,725,10,10,350,750,0,640,3
15,15,6,6,7,725,10,10,350,750,0,661,3
15,15,6,6,7,725,10,10,350,750,0,654,3
15,15,6,6,7,725,10,10,350,750,0,658,3
15,15,6,6,7,725,10,10,350,750,0,646,3
15,15,6,6,7,725,10,10,350,750,0,655,3
15,15,6,6,7,725,10,10,350,750,0,647,3
15,15,6,6,7,725,10,10,350,750,0,653,3
15,15,6,6,7,725,10,10,350,750,0,665,3
15,15,6,6,74,74,10,10,700,700,0,190,3
15,15,6,6,74,74,10,10,700,700,240,0,3
15,15,6,6,74,74,10,10,700,700,0,138,3
15,15,6,6,74,74,10,10,700,700,0,226,3
15,15,6,6,74,74,10,10,700,700,0,222,3
15,15,6,6,74,74,10,10,700,700,0,294,3
15,15,6,6,74,74,10,10,700,700,0,192,3
15,15,6,6,74,74,10,10,700,700,0,470,3
15,15,6,6,74,74,10,10,700,700,348,0,3
15,15,6,6,74,74,10,10,700,700,0,488,3
15,15,6,6,74,74,10,10,700,700,138,0,3
15,15,6,6,74,74,10,10,700,700,0,204,3
15,15,6,6,74,74,10,10,700,700,0,50,3
15,15,6,6,74,74,10,10,700,700,0,154,3
15,15,6,6,74,74,10,10,700,700,86,0,3
15,15,6,6,74,74,10,10,700,700,208,0,3
15,15,6,6,74,74,10,10,700,700,258,0,3
15,15,6,6,74,74,10,10,700,700,210,0,3
15,15,6,6,74,74,10,10,700,700,120,0,3
15,15,6,6,74,74,10,10,700,700,122,0,3
15,15,6,6,74,74,10,10,700,700,0,192,3
15,15,6,6,74,93,10,10,700,550,628,0,3
15,15,6,6,74,93,10,10,700,550,526,0,3
15,15,6,6,74,93,10,10,700,550,588,0,3
15,15,6,6,74,93,10,10,700,550,620,0,3
15,15,6,6,74,93,10,10,700,550,604,0,3
15,15,6,6,74,93,10,10,700,550,612,0,3
15,15,6,6,74,93,10,10,700,550,588,0,3
15,15,6,6,74,93,10,10,700,550,596,0,3
15,15,6,6,74,93,10,10,700,550,604,0,3
15,15,6,6,74,93,10,10,700,550,574,0,3
15,15,6,6,74,93,10,10,700,550,620,0,3
15,15,6,6,74,93,10,10,700,550,628,0,3
15,15,6,6,74,751,10,10,700,600,378,0,3
15,15,6,6,74,751,10,10,700,600,347,0,3
15,15,6,6,74,751,10,10,700,600,378,0,3
15,15,6,6,74,751,10,10,700,600,417,0,3
15,15,6,6,74,751,10,10,700,600,435,0,3
15,15,6,6,74,751,10,10,700,600,508,0,3
15,15,6,6,74,751,10,10,700,600,396,0,3
15,15,6,6,74,751,10,10,700,600,513,0,3
15,15,6,6,74,751,10,10,700,600,438,0,3
15,15,6,6,74,1570,10,10,700,1300,0,384,3
15,15,6,6,74,1570,10,10,700,1300,0,416,3
15,15,6,6,74,1570,10,10,700,1300,0,662,3
15,15,6,6,74,1570,10,10,700,1300,0,300,3
15,15,6,6,74,1570,10,10,700,1300,0,640,3
15,15,6,6,74,1570,10,10,700,1300,0,434,3
15,15,6,6,74,1570,10,10,700,1300,0,604,3
15,15,6,6,74,1570,10,10,700,1300,0,326,3
15,15,6,6,74,1570,10,10,700,1300,0,694,3
15,15,6,6,74,725,10,10,700,750,0,430,3
15,15,6,6,74,725,10,10,700,750,0,365,3
15,15,6,6,74,725,10,10,700,750,0,430,3
15,15,6,6,74,725,10,10,700,750,0,355,3
15,15,6,6,74,725,10,10,700,750,0,369,3
15,15,6,6,74,725,10,10,700,750,0,372,3
15,15,6,6,74,725,10,10,700,750,0,413,3
15,15,6,6,74,725,10,10,700,750,0,314,3
15,15,6,6,74,725,10,10,700,750,0,205,3
15,15,6,6,93,93,10,10,550,550,185,0,3
15,15,6,6,93,93,10,10,550,550,1,0,3
15,15,6,6,93,93,10,10,550,550,21,0,3
15,15,6,6,93,93,10,10,550,550,93,0,3
15,15,6,6,93,93,10,10,550,550,28,0,3
15,15,6,6,93,93,10,10,550,550,122,0,3
15,15,6,6,93,93,10,10,550,550,0,65,3
15,15,6,6,93,93,10,10,550,550,0,95,3
15,15,6,6,93,93,10,10,550,550,0,149,3
15,15,6,6,93,93,10,10,550,550,1,0,3
15,15,6,6,93,93,10,10,550,550,93,0,3
15,15,6,6,93,93,10,10,550,550,0,57,3
15,15,6,6,93,93,10,10,550,550,0,11,3
15,15,6,6,93,93,10,10,550,550,112,0,3
15,15,6,6,93,93,10,10,550,550,75,0,3
15,15,6,6,93,93,10,10,550,550,20,0,3
15,15,6,6,93,93,10,10,550,550,0,92,3
15,15,6,6,93,93,10,10,550,550,122,0,3
15,15,6,6,93,93,10,10,550,550,0,196,3
15,15,6,6,93,93,10,10,550,550,0,85,3
15,15,6,6,93,751,10,10,550,600,0,400,3
15,15,6,6,93,751,10,10,550,600,0,440,3
15,15,6,6,93,751,10,10,550,600,0,320,3
15,15,6,6,93,751,10,10,550,600,0,460,3
15,15,6,6,93,751,10,10,550,600,0,400,3
15,15,6,6,93,751,10,10,550,600,0,460,3
15,15,6,6,93,751,10,10,550,600,0,410,3
15,15,6,6,93,751,10,10,550,600,0,320,3
15,15,6,6,93,751,10,10,550,600,0,290,3
15,15,6,6,93,751,10,10,550,600,0,410,3
15,15,6,6,93,751,10,10,550,600,0,370,3
15,15,6,6,93,751,10,10,550,600,0,450,3
15,15,6,6,93,1570,10,10,550,1300,0,540,3
15,15,6,6,93,1570,10,10,550,1300,0,320,3
15,15,6,6,93,1570,10,10,550,1300,0,440,3
15,15,6,6,93,1570,10,10,550,1300,0,750,3
15,15,6,6,93,1570,10,10,550,1300,0,380,3
15,15,6,6,93,1570,10,10,550,1300,0,420,3
15,15,6,6,93,1570,10,10,550,1300,0,430,3
15,15,6,6,93,1570,10,10,550,1300,0,380,3
15,15,6,6,93,1570,10,10,550,1300,0,440,3
15,15,6,6,93,725,10,10,550,750,0,687,3
15,15,6,6,93,725,10,10,550,750,0,652,3
15,15,6,6,93,725,10,10,550,750,0,701,3
15,15,6,6,93,725,10,10,550,750,0,673,3
15,15,6,6,93,725,10,10,550,750,0,701,3
15,15,6,6,93,725,10,10,550,750,0,694,3
15,15,6,6,93,725,10,10,550,750,0,645,3
15,15,6,6,93,725,10,10,550,750,0,680,3
15,15,6,6,93,725,10,10,550,750,0,645,3
15,15,6,6,751,751,10,10,600,600,188,0,3
15,15,6,6,751,751,10,10,600,600,0,78,3
15,15,6,6,751,751,10,10,600,600,188,0,3
15,15,6,6,751,751,10,10,600,600,18,0,3
15,15,6,6,751,751,10,10,600,600,0,220,3
15,15,6,6,751,751,10,10,600,600,146,0,3
15,15,6,6,751,751,10,10,600,600,92,0,3
15,15,6,6,751,751,10,10,600,600,0,54,3
15,15,6,6,751,751,10,10,600,600,104,0,3
15,15,6,6,751,751,10,10,600,600,128,0,3
15,15,6,6,751,751,10,10,600,600,96,0,3
15,15,6,6,751,751,10,10,600,600,0,258,3
15,15,6,6,751,751,10,10,600,600,0,104,3
15,15,6,6,751,751,10,10,600,600,0,60,3
15,15,6,6,751,751,10,10,600,600,0,4,3
15,15,6,6,751,751,10,10,600,600,110,0,3
15,15,6,6,751,751,10,10,600,600,128,0,3
15,15,6,6,751,751,10,10,600,600,128,0,3
15,15,6,6,751,751,10,10,600,600,0,174,3
15,15,6,6,751,751,10,10,600,600,128,0,3
15,15,6,6,751,751,10,10,600,600,0,128,3
15,15,6,6,751,1570,10,10,600,1300,0,655,3
15,15,6,6,751,1570,10,10,600,1300,0,672,3
15,15,6,6,751,1570,10,10,600,1300,0,672,3
15,15,6,6,751,1570,10,10,600,1300,0,525,3
15,15,6,6,751,1570,10,10,600,1300,0,452,3
15,15,6,6,751,1570,10,10,600,1300,0,678,3
15,15,6,6,751,1570,10,10,600,1300,0,768,3
15,15,6,6,751,1570,10,10,600,1300,0,627,3
15,15,6,6,751,1570,10,10,600,1300,0,768,3
15,15,6,6,751,1570,10,10,600,1300,0,717,3
15,15,6,6,751,1570,10,10,600,1300,0,480,3
15,15,6,6,751,1570,10,10,600,1300,0,757,3
15,15,6,6,1570,1570,10,10,1300,1300,422,0,3
15,15,6,6,1570,1570,10,10,1300,1300,0,58,3
15,15,6,6,1570,1570,10,10,1300,1300,0,220,3
15,15,6,6,1570,1570,10,10,1300,1300,114,0,3
15,15,6,6,1570,1570,10,10,1300,1300,326,0,3
15,15,6,6,1570,1570,10,10,1300,1300,198,0,3
15,15,6,6,1570,1570,10,10,1300,1300,0,80,3
15,15,6,6,1570,1570,10,10,1300,1300,352,0,3
15,15,6,6,1570,1570,10,10,1300,1300,0,80,3
15,15,6,6,1570,1570,10,10,1300,1300,0,22,3
15,15,6,6,1570,1570,10,10,1300,1300,0,292,3
15,15,6,6,1570,1570,10,10,1300,1300,0,246,3
15,15,6,6,1570,1570,10,10,1300,1300,0,46,3
15,15,6,6,1570,1570,10,10,1300,1300,0,90,3
15,15,6,6,1570,1570,10,10,1300,1300,0,328,3
15,15,6,6,1570,1570,10,10,1300,1300,316,0,3
15,15,6,6,725,751,10,10,750,600,678,0,3
15,15,6,6,725,751,10,10,750,600,630,0,3
15,15,6,6,725,751,10,10,750,600,678,0,3
15,15,6,6,725,751,10,10,750,600,606,0,3
15,15,6,6,725,751,10,10,750,600,654,0,3
15,15,6,6,725,751,10,10,750,600,606,0,3
15,15,6,6,725,751,10,10,750,600,594,0,3
15,15,6,6,725,751,10,10,750,600,630,0,3
15,15,6,6,725,751,10,10,750,600,615,0,3
15,15,6,6,725,751,10,10,750,600,642,0,3
15,15,6,6,725,751,10,10,750,600,606,0,3
15,15,6,6,725,751,10,10,750,600,570,0,3
15,15,6,6,725,1570,10,10,750,1300,71,0,3
15,15,6,6,725,1570,10,10,750,1300,91,0,3
15,15,6,6,725,1570,10,10,750,1300,146,0,3
15,15,6,6,725,1570,10,10,750,1300,360,0,3
15,15,6,6,725,1570,10,10,750,1300,113,0,3
15,15,6,6,725,1570,10,10,750,1300,360,0,3
15,15,6,6,725,1570,10,10,750,1300,296,0,3
15,15,6,6,725,1570,10,10,750,1300,210,0,3
15,15,6,6,725,1570,10,10,750,1300,371,0,3
15,15,6,6,725,1570,10,10,750,1300,137,0,3
15,15,6,6,725,1570,10,10,750,1300,234,0,3
15,15,6,6,725,1570,10,10,750,1300,349,0,3
15,15,6,6,725,1570,10,10,750,1300,201,0,3
15,15,6,6,725,1570,10,10,750,1300,241,0,3
15,15,6,6,725,1570,10,10,750,1300,20,0,3
15,15,6,6,725,725,10,10,750,750,0,158,3
15,15,6,6,725,725,10,10,750,750,0,289,3
15,15,6,6,725,725,10,10,750,750,0,260,3
15,15,6,6,725,725,10,10,750,750,272,0,3
15,15,6,6,725,725,10,10,750,750,150,0,3
15,15,6,6,725,725,10,10,750,750,0,319,3
15,15,6,6,725,725,10,10,750,750,299,0,3
15,15,6,6,725,725,10,10,750,750,0,281,3
15,15,6,6,725,725,10,10,750,750,0,290,3
15,15,6,6,725,725,10,10,750,750,0,272,3
15,15,6,6,725,725,10,10,750,750,0,327,3
15,15,6,6,725,725,10,10,750,750,0,422,3
15,15,6,6,725,725,10,10,750,750,150,0,3
15,15,6,6,725,725,10,10,750,750,0,168,3
15,15,6,6,725,725,10,10,750,750,0,79,3
15,15,6,6,725,725,10,10,750,750,0,186,3
15,15,6,6,725,725,10,10,750,750,280,0,3
15,15,6,6,725,725,10,10,750,750,0,215,3
15,15,6,6,725,725,10,10,750,750,216,0,3
15,15,6,6,725,725,10,10,750,750,0,36,3
15,15,6,6,725,725,10,10,750,750,0,251,3
15,40,6,6,4,4,10,10,400,400,0,203,3
15,40,6,6,4,4,10,10,400,400,0,198,3
15,40,6,6,4,4,10,10,400,400,0,159,3
15,40,6,6,4,4,10,10,400,400,0,171,3
15,40,6,6,4,4,10,10,400,400,0,213,3
15,40,6,6,4,4,10,10,400,400,0,175,3
15,40,6,6,4,4,10,10,400,400,0,211,3
15,40,6,6,4,4,10,10,400,400,0,202,3
15,40,6,6,4,4,10,10,400,400,0,177,3
15,40,6,6,4,7,10,10,400,350,0,250,3
15,40,6,6,4,7,10,10,400,350,0,260,3
15,40,6,6,4,7,10,10,400,350,0,252,3
15,40,6,6,4,7,10,10,400,350,0,263,3
15,40,6,6,4,7,10,10,400,350,0,244,3
15,40,6,6,4,7,10,10,400,350,0,258,3
15,40,6,6,4,7,10,10,400,350,0,248,3
15,40,6,6,4,873,10,10,400,2800,0,2613,3
15,40,6,6,4,873,10,10,400,2800,0,2604,3
15,40,6,6,4,873,10,10,400,2800,0,2622,3
15,40,6,6,4,873,10,10,400,2800,0,2619,3
15,40,6,6,4,873,10,10,400,2800,0,2633,3
15,40,6,6,4,873,10,10,400,2800,0,2610,3
15,40,6,6,4,873,10,10,400,2800,0,2592,3
15,40,6,6,4,873,10,10,400,2800,0,2605,3
15,40,6,6,4,873,10,10,400,2800,0,2597,3
15,40,6,6,4,5,10,10,400,400,0,112,3
15,40,6,6,4,5,10,10,400,400,0,136,3
15,40,6,6,4,5,10,10,400,400,17,0,3
15,40,6,6,4,5,10,10,400,400,0,50,3
15,40,6,6,4,5,10,10,400,400,0,28,3
15,40,6,6,4,5,10,10,400,400,0,81,3
15,40,6,6,4,5,10,10,400,400,0,91,3
15,40,6,6,4,5,10,10,400,400,0,75,3
15,40,6,6,4,5,10,10,400,400,0,10,3
15,40,6,6,4,5,10,10,400,400,0,62,3
15,40,6,6,4,5,10,10,400,400,52,0,3
15,40,6,6,4,74,10,10,400,700,0,380,3
15,40,6,6,4,74,10,10,400,700,0,408,3
15,40,6,6,4,74,10,10,400,700,0,390,3
15,40,6,6,4,74,10,10,400,700,0,348,3
15,40,6,6,4,74,10,10,400,700,0,380,3
15,40,6,6,4,74,10,10,400,700,0,384,3
15,40,6,6,4,74,10,10,400,700,0,370,3
15,40,6,6,4,74,10,10,400,700,0,358,3
15,40,6,6,4,74,10,10,400,700,0,364,3
15,40,6,6,4,93,10,10,400,600,310,0,3
15,40,6,6,4,93,10,10,400,600,310,0,3
15,40,6,6,4,93,10,10,400,600,310,0,3
15,40,6,6,4,93,10,10,400,600,270,0,3
15,40,6,6,4,93,10,10,400,600,300,0,3
15,40,6,6,4,93,10,10,400,600,290,0,3
15,40,6,6,4,93,10,10,400,600,300,0,3
15,40,6,6,4,93,10,10,400,600,310,0,3
15,40,6,6,4,93,10,10,400,600,310,0,3
15,40,6,6,4,448,10,10,400,600,0,153,3
15,40,6,6,4,448,10,10,400,600,0,159,3
15,40,6,6,4,448,10,10,400,600,40,0,3
15,40,6,6,4,448,10,10,400,600,0,120,3
15,40,6,6,4,448,10,10,400,600,0,102,3
15,40,6,6,4,448,10,10,400,600,0,120,3
15,40,6,6,4,448,10,10,400,600,0,102,3
15,40,6,6,4,448,10,10,400,600,0,135,3
15,40,6,6,4,448,10,10,400,600,0,114,3
15,40,6,6,4,448,10,10,400,600,0,150,3
15,40,6,6,4,1132,10,10,400,2500,0,2028,3
15,40,6,6,4,1132,10,10,400,2500,0,1946,3
15,40,6,6,4,1132,10,10,400,2500,0,2061,3
15,40,6,6,4,1132,10,10,400,2500,0,1993,3
15,40,6,6,4,1132,10,10,400,2500,0,2020,3
15,40,6,6,4,1132,10,10,400,2500,0,2037,3
15,40,6,6,4,1132,10,10,400,2500,0,1991,3
15,40,6,6,4,1132,10,10,400,2500,0,2050,3
15,40,6,6,4,1132,10,10,400,2500,0,2051,3
15,40,6,6,4,1735,10,10,400,650,0,341,3
15,40,6,6,4,1735,10,10,400,650,0,333,3
15,40,6,6,4,1735,10,10,400,650,0,338,3
15,40,6,6,4,1735,10,10,400,650,0,341,3
15,40,6,6,4,1735,10,10,400,650,0,353,3
15,40,6,6,4,1735,10,10,400,650,0,359,3
15,40,6,6,4,1735,10,10,400,650,0,324,3
15,40,6,6,4,1735,10,10,400,650,0,351,3
15,40,6,6,4,1735,10,10,400,650,0,357,3
15,40,6,6,7,4,10,10,350,400,107,0,3
15,40,6,6,7,4,10,10,350,400,100,0,3
15,40,6,6,7,4,10,10,350,400,131,0,3
15,40,6,6,7,4,10,10,350,400,58,0,3
15,40,6,6,7,4,10,10,350,400,34,0,3
15,40,6,6,7,4,10,10,350,400,123,0,3
15,40,6,6,7,4,10,10,350,400,88,0,3
15,40,6,6,7,4,10,10,350,400,58,0,3
15,40,6,6,7,4,10,10,350,400,135,0,3
15,40,6,6,7,7,10,10,350,350,0,144,3
15,40,6,6,7,7,10,10,350,350,0,151,3
15,40,6,6,7,7,10,10,350,350,0,143,3
15,40,6,6,7,7,10,10,350,350,0,161,3
15,40,6,6,7,7,10,10,350,350,0,112,3
15,40,6,6,7,7,10,10,350,350,0,161,3
15,40,6,6,7,7,10,10,350,350,0,143,3
15,40,6,6,7,7,10,10,350,350,0,153,3
15,40,6,6,7,7,10,10,350,350,0,158,3
15,40,6,6,7,873,10,10,350,2800,0,2382,3
15,40,6,6,7,873,10,10,350,2800,0,2287,3
15,40,6,6,7,873,10,10,350,2800,0,2341,3
15,40,6,6,7,873,10,10,350,2800,0,2292,3
15,40,6,6,7,873,10,10,350,2800,0,2183,3
15,40,6,6,7,873,10,10,350,2800,0,2356,3
15,40,6,6,7,873,10,10,350,2800,0,2305,3
15,40,6,6,7,873,10,10,350,2800,0,2341,3
15,40,6,6,7,873,10,10,350,2800,0,2247,3
15,40,6,6,7,5,10,10,350,400,72,0,3
15,40,6,6,7,5,10,10,350,400,107,0,3
15,40,6,6,7,5,10,10,350,400,0,32,3
15,40,6,6,7,5,10,10,350,400,15,0,3
15,40,6,6,7,5,10,10,350,400,39,0,3
15,40,6,6,7,5,10,10,350,400,136,0,3
15,40,6,6,7,5,10,10,350,400,107,0,3
15,40,6,6,7,5,10,10,350,400,59,0,3
15,40,6,6,7,5,10,10,350,400,0,8,3
15,40,6,6,7,5,10,10,350,400,85,0,3
15,40,6,6,7,5,10,10,350,400,88,0,3
15,40,6,6,7,74,10,10,350,700,0,602,3
15,40,6,6,7,74,10,10,350,700,0,617,3
15,40,6,6,7,74,10,10,350,700,0,599,3
15,40,6,6,7,74,10,10,350,700,0,607,3
15,40,6,6,7,74,10,10,350,700,0,613,3
15,40,6,6,7,74,10,10,350,700,0,596,3
15,40,6,6,7,74,10,10,350,700,0,599,3
15,40,6,6,7,74,10,10,350,700,0,593,3
15,40,6,6,7,74,10,10,350,700,0,588,3
15,40,6,6,7,93,10,10,350,600,0,16,3
15,40,6,6,7,93,10,10,350,600,65,0,3
15,40,6,6,7,93,10,10,350,600,0,76,3
15,40,6,6,7,93,10,10,350,600,250,0,3
15,40,6,6,7,93,10,10,350,600,45,0,3
15,40,6,6,7,93,10,10,350,600,95,0,3
15,40,6,6,7,93,10,10,350,600,165,0,3
15,40,6,6,7,93,10,10,350,600,0,44,3
15,40,6,6,7,93,10,10,350,600,120,0,3
15,40,6,6,7,93,10,10,350,600,55,0,3
15,40,6,6,7,93,10,10,350,600,0,96,3
15,40,6,6,7,93,10,10,350,600,105,0,3
15,40,6,6,7,93,10,10,350,600,0,52,3
15,40,6,6,7,93,10,10,350,600,0,112,3
15,40,6,6,7,93,10,10,350,600,175,0,3
15,40,6,6,7,93,10,10,350,600,150,0,3
15,40,6,6,7,93,10,10,350,600,150,0,3
15,40,6,6,7,93,10,10,350,600,180,0,3
15,40,6,6,7,448,10,10,350,600,0,442,3
15,40,6,6,7,448,10,10,350,600,0,458,3
15,40,6,6,7,448,10,10,350,600,0,428,3
15,40,6,6,7,448,10,10,350,600,0,434,3
15,40,6,6,7,448,10,10,350,600,0,428,3
15,40,6,6,7,448,10,10,350,600,0,434,3
15,40,6,6,7,448,10,10,350,600,0,438,3
15,40,6,6,7,448,10,10,350,600,0,436,3
15,40,6,6,7,448,10,10,350,600,0,442,3
15,40,6,6,7,1132,10,10,350,2500,0,2244,3
15,40,6,6,7,1132,10,10,350,2500,0,2293,3
15,40,6,6,7,1132,10,10,350,2500,0,2232,3
15,40,6,6,7,1132,10,10,350,2500,0,2297,3
15,40,6,6,7,1132,10,10,350,2500,0,2239,3
15,40,6,6,7,1132,10,10,350,2500,0,2309,3
15,40,6,6,7,1132,10,10,350,2500,0,2284,3
15,40,6,6,7,1132,10,10,350,2500,0,2265,3
15,40,6,6,7,1132,10,10,350,2500,0,2233,3
15,40,6,6,7,1735,10,10,350,650,0,476,3
15,40,6,6,7,1735,10,10,350,650,0,493,3
15,40,6,6,7,1735,10,10,350,650,0,467,3
15,40,6,6,7,1735,10,10,350,650,0,486,3
15,40,6,6,7,1735,10,10,350,650,0,476,3
15,40,6,6,7,1735,10,10,350,650,0,486,3
15,40,6,6,7,1735,10,10,350,650,0,500,3
15,40,6,6,7,1735,10,10,350,650,0,485,3
15,40,6,6,7,1735,10,10,350,650,0,494,3
15,40,6,6,74,4,10,10,700,400,320,0,3
15,40,6,6,74,4,10,10,700,400,318,0,3
15,40,6,6,74,4,10,10,700,400,320,0,3
15,40,6,6,74,4,10,10,700,400,340,0,3
15,40,6,6,74,4,10,10,700,400,346,0,3
15,40,6,6,74,4,10,10,700,400,340,0,3
15,40,6,6,74,4,10,10,700,400,328,0,3
15,40,6,6,74,4,10,10,700,400,292,0,3
15,40,6,6,74,4,10,10,700,400,312,0,3
15,40,6,6,74,7,10,10,700,350,640,0,3
15,40,6,6,74,7,10,10,700,350,647,0,3
15,40,6,6,74,7,10,10,700,350,640,0,3
15,40,6,6,74,7,10,10,700,350,647,0,3
15,40,6,6,74,7,10,10,700,350,647,0,3
15,40,6,6,74,7,10,10,700,350,640,0,3
15,40,6,6,74,7,10,10,700,350,646,0,3
15,40,6,6,74,7,10,10,700,350,642,0,3
15,40,6,6,74,7,10,10,700,350,646,0,3
15,40,6,6,74,873,10,10,700,2800,0,2178,3
15,40,6,6,74,873,10,10,700,2800,0,2282,3
15,40,6,6,74,873,10,10,700,2800,0,2199,3
15,40,6,6,74,873,10,10,700,2800,0,2320,3
15,40,6,6,74,873,10,10,700,2800,0,2179,3
15,40,6,6,74,873,10,10,700,2800,0,2313,3
15,40,6,6,74,873,10,10,700,2800,0,2288,3
15,40,6,6,74,873,10,10,700,2800,0,2291,3
15,40,6,6,74,873,10,10,700,2800,0,2288,3
15,40,6,6,74,5,10,10,700,400,0,154,3
15,40,6,6,74,5,10,10,700,400,0,70,3
15,40,6,6,74,5,10,10,700,400,0,8,3
15,40,6,6,74,5,10,10,700,400,0,200,3
15,40,6,6,74,5,10,10,700,400,0,168,3
15,40,6,6,74,5,10,10,700,400,0,146,3
15,40,6,6,74,5,10,10,700,400,0,208,3
15,40,6,6,74,5,10,10,700,400,0,168,3
15,40,6,6,74,5,10,10,700,400,0,164,3
15,40,6,6,74,5,10,10,700,400,0,142,3
15,40,6,6,74,5,10,10,700,400,0,190,3
15,40,6,6,74,5,10,10,700,400,0,222,3
15,40,6,6,74,74,10,10,700,700,154,0,3
15,40,6,6,74,74,10,10,700,700,190,0,3
15,40,6,6,74,74,10,10,700,700,102,0,3
15,40,6,6,74,74,10,10,700,700,364,0,3
15,40,6,6,74,74,10,10,700,700,0,50,3
15,40,6,6,74,74,10,10,700,700,0,120,3
15,40,6,6,74,74,10,10,700,700,0,276,3
15,40,6,6,74,74,10,10,700,700,0,294,3
15,40,6,6,74,74,10,10,700,700,260,0,3
15,40,6,6,74,74,10,10,700,700,0,154,3
15,40,6,6,74,74,10,10,700,700,0,222,3
15,40,6,6,74,74,10,10,700,700,242,0,3
15,40,6,6,74,74,10,10,700,700,0,48,3
15,40,6,6,74,74,10,10,700,700,50,0,3
15,40,6,6,74,74,10,10,700,700,68,0,3
15,40,6,6,74,74,10,10,700,700,278,0,3
15,40,6,6,74,74,10,10,700,700,0,348,3
15,40,6,6,74,74,10,10,700,700,0,16,3
15,40,6,6,74,93,10,10,700,600,430,0,3
15,40,6,6,74,93,10,10,700,600,480,0,3
15,40,6,6,74,93,10,10,700,600,470,0,3
15,40,6,6,74,93,10,10,700,600,550,0,3
15,40,6,6,74,93,10,10,700,600,500,0,3
15,40,6,6,74,93,10,10,700,600,490,0,3
15,40,6,6,74,93,10,10,700,600,580,0,3
15,40,6,6,74,93,10,10,700,600,480,0,3
15,40,6,6,74,93,10,10,700,600,530,0,3
15,40,6,6,74,448,10,10,700,600,564,0,3
15,40,6,6,74,448,10,10,700,600,461,0,3
15,40,6,6,74,448,10,10,700,600,564,0,3
15,40,6,6,74,448,10,10,700,600,402,0,3
15,40,6,6,74,448,10,10,700,600,443,0,3
15,40,6,6,74,448,10,10,700,600,513,0,3
15,40,6,6,74,448,10,10,700,600,564,0,3
15,40,6,6,74,448,10,10,700,600,531,0,3
15,40,6,6,74,448,10,10,700,600,461,0,3
15,40,6,6,74,1132,10,10,700,2500,0,1926,3
15,40,6,6,74,1132,10,10,700,2500,0,1784,3
15,40,6,6,74,1132,10,10,700,2500,0,1926,3
15,40,6,6,74,1132,10,10,700,2500,0,1809,3
15,40,6,6,74,1132,10,10,700,2500,0,1862,3
15,40,6,6,74,1132,10,10,700,2500,0,1857,3
15,40,6,6,74,1132,10,10,700,2500,0,1746,3
15,40,6,6,74,1132,10,10,700,2500,0,1801,3
15,40,6,6,74,1132,10,10,700,2500,0,2096,3
15,40,6,6,74,1735,10,10,700,650,0,383,3
15,40,6,6,74,1735,10,10,700,650,0,513,3
15,40,6,6,74,1735,10,10,700,650,0,387,3
15,40,6,6,74,1735,10,10,700,650,0,336,3
15,40,6,6,74,1735,10,10,700,650,0,513,3
15,40,6,6,74,1735,10,10,700,650,0,542,3
15,40,6,6,74,1735,10,10,700,650,0,304,3
15,40,6,6,74,1735,10,10,700,650,0,448,3
15,40,6,6,74,1735,10,10,700,650,0,506,3
15,40,6,6,74,1735,10,10,700,650,0,405,3
15,40,6,6,93,4,10,10,550,400,0,337,3
15,40,6,6,93,4,10,10,550,400,0,346,3
15,40,6,6,93,4,10,10,550,400,0,337,3
15,40,6,6,93,4,10,10,550,400,0,355,3
15,40,6,6,93,4,10,10,550,400,0,328,3
15,40,6,6,93,4,10,10,550,400,0,328,3
15,40,6,6,93,4,10,10,550,400,0,337,3
15,40,6,6,93,4,10,10,550,400,0,346,3
15,40,6,6,93,4,10,10,550,400,0,324,3
15,40,6,6,93,7,10,10,550,350,0,164,3
15,40,6,6,93,7,10,10,550,350,0,139,3
15,40,6,6,93,7,10,10,550,350,0,199,3
15,40,6,6,93,7,10,10,550,350,0,138,3
15,40,6,6,93,7,10,10,550,350,0,175,3
15,40,6,6,93,7,10,10,550,350,0,138,3
15,40,6,6,93,7,10,10,550,350,0,95,3
15,40,6,6,93,7,10,10,550,350,0,139,3
15,40,6,6,93,7,10,10,550,350,0,52,3
15,40,6,6,93,873,10,10,550,2800,0,2308,3
15,40,6,6,93,873,10,10,550,2800,0,2246,3
15,40,6,6,93,873,10,10,550,2800,0,2304,3
15,40,6,6,93,873,10,10,550,2800,0,2246,3
15,40,6,6,93,873,10,10,550,2800,0,2252,3
15,40,6,6,93,873,10,10,550,2800,0,2194,3
15,40,6,6,93,873,10,10,550,2800,0,2197,3
15,40,6,6,93,873,10,10,550,2800,0,2246,3
15,40,6,6,93,873,10,10,550,2800,0,2304,3
15,40,6,6,93,5,10,10,550,400,0,328,3
15,40,6,6,93,5,10,10,550,400,0,344,3
15,40,6,6,93,5,10,10,550,400,0,328,3
15,40,6,6,93,5,10,10,550,400,0,336,3
15,40,6,6,93,5,10,10,550,400,0,328,3
15,40,6,6,93,5,10,10,550,400,0,328,3
15,40,6,6,93,5,10,10,550,400,0,344,3
15,40,6,6,93,5,10,10,550,400,0,360,3
15,40,6,6,93,5,10,10,550,400,0,320,3
15,40,6,6,93,74,10,10,550,700,0,580,3
15,40,6,6,93,74,10,10,550,700,0,518,3
15,40,6,6,93,74,10,10,550,700,0,582,3
15,40,6,6,93,74,10,10,550,700,0,526,3
15,40,6,6,93,74,10,10,550,700,0,542,3
15,40,6,6,93,74,10,10,550,700,0,510,3
15,40,6,6,93,74,10,10,550,700,0,518,3
15,40,6,6,93,74,10,10,550,700,0,534,3
15,40,6,6,93,74,10,10,550,700,0,518,3
15,40,6,6,93,93,10,10,550,600,0,207,3
15,40,6,6,93,93,10,10,550,600,0,216,3
15,40,6,6,93,93,10,10,550,600,0,207,3
15,40,6,6,93,93,10,10,550,600,95,0,3
15,40,6,6,93,93,10,10,550,600,0,126,3
15,40,6,6,93,93,10,10,550,600,0,222,3
15,40,6,6,93,93,10,10,550,600,0,261,3
15,40,6,6,93,93,10,10,550,600,145,0,3
15,40,6,6,93,93,10,10,550,600,0,261,3
15,40,6,6,93,93,10,10,550,600,120,0,3
15,40,6,6,93,93,10,10,550,600,65,0,3
15,40,6,6,93,93,10,10,550,600,0,165,3
15,40,6,6,93,93,10,10,550,600,145,0,3
15,40,6,6,93,93,10,10,550,600,0,150,3
15,40,6,6,93,93,10,10,550,600,0,126,3
15,40,6,6,93,93,10,10,550,600,0,123,3
15,40,6,6,93,93,10,10,550,600,0,150,3
15,40,6,6,93,93,10,10,550,600,0,141,3
15,40,6,6,93,93,10,10,550,600,0,138,3
15,40,6,6,93,93,10,10,550,600,15,0,3
15,40,6,6,93,93,10,10,550,600,0,75,3
15,40,6,6,93,448,10,10,550,600,440,0,3
15,40,6,6,93,448,10,10,550,600,341,0,3
15,40,6,6,93,448,10,10,550,600,429,0,3
15,40,6,6,93,448,10,10,550,600,297,0,3
15,40,6,6,93,448,10,10,550,600,451,0,3
15,40,6,6,93,448,10,10,550,600,297,0,3
15,40,6,6,93,448,10,10,550,600,319,0,3
15,40,6,6,93,448,10,10,550,600,462,0,3
15,40,6,6,93,448,10,10,550,600,352,0,3
15,40,6,6,93,448,10,10,550,600,374,0,3
15,40,6,6,93,1132,10,10,550,2500,0,1372,3
15,40,6,6,93,1132,10,10,550,2500,0,1534,3
15,40,6,6,93,1132,10,10,550,2500,0,842,3
15,40,6,6,93,1132,10,10,550,2500,0,1594,3
15,40,6,6,93,1132,10,10,550,2500,0,1013,3
15,40,6,6,93,1132,10,10,550,2500,0,1566,3
15,40,6,6,93,1132,10,10,550,2500,0,1120,3
15,40,6,6,93,1132,10,10,550,2500,0,1602,3
15,40,6,6,93,1132,10,10,550,2500,0,1299,3
15,40,6,6,93,1132,10,10,550,2500,0,1620,3
15,40,6,6,93,1735,10,10,550,650,0,594,3
15,40,6,6,93,1735,10,10,550,650,0,570,3
15,40,6,6,93,1735,10,10,550,650,0,594,3
15,40,6,6,93,1735,10,10,550,650,0,570,3
15,40,6,6,93,1735,10,10,550,650,0,586,3
15,40,6,6,93,1735,10,10,550,650,0,602,3
15,40,6,6,93,1735,10,10,550,650,0,594,3
15,40,6,6,93,1735,10,10,550,650,0,602,3
15,40,6,6,93,1735,10,10,550,650,0,594,3
15,40,6,6,751,4,10,10,600,400,450,0,3
15,40,6,6,751,4,10,10,600,400,436,0,3
15,40,6,6,751,4,10,10,600,400,440,0,3
15,40,6,6,751,4,10,10,600,400,436,0,3
15,40,6,6,751,4,10,10,600,400,446,0,3
15,40,6,6,751,4,10,10,600,400,436,0,3
15,40,6,6,751,4,10,10,600,400,452,0,3
15,40,6,6,751,4,10,10,600,400,440,0,3
15,40,6,6,751,4,10,10,600,400,452,0,3
15,40,6,6,751,7,10,10,600,350,547,0,3
15,40,6,6,751,7,10,10,600,350,553,0,3
15,40,6,6,751,7,10,10,600,350,550,0,3
15,40,6,6,751,7,10,10,600,350,552,0,3
15,40,6,6,751,7,10,10,600,350,550,0,3
15,40,6,6,751,7,10,10,600,350,553,0,3
15,40,6,6,751,7,10,10,600,350,549,0,3
15,40,6,6,751,7,10,10,600,350,551,0,3
15,40,6,6,751,7,10,10,600,350,550,0,3
15,40,6,6,751,873,10,10,600,2800,0,1895,3
15,40,6,6,751,873,10,10,600,2800,0,1693,3
15,40,6,6,751,873,10,10,600,2800,0,1675,3
15,40,6,6,751,873,10,10,600,2800,0,1761,3
15,40,6,6,751,873,10,10,600,2800,0,1687,3
15,40,6,6,751,873,10,10,600,2800,0,1479,3
15,40,6,6,751,873,10,10,600,2800,0,1738,3
15,40,6,6,751,873,10,10,600,2800,0,1746,3
15,40,6,6,751,873,10,10,600,2800,0,1599,3
15,40,6,6,751,5,10,10,600,400,0,228,3
15,40,6,6,751,5,10,10,600,400,0,96,3
15,40,6,6,751,5,10,10,600,400,0,96,3
15,40,6,6,751,5,10,10,600,400,0,111,3
15,40,6,6,751,5,10,10,600,400,0,150,3
15,40,6,6,751,5,10,10,600,400,0,202,3
15,40,6,6,751,5,10,10,600,400,0,110,3
15,40,6,6,751,5,10,10,600,400,22,0,3
15,40,6,6,751,5,10,10,600,400,0,1,3
15,40,6,6,751,5,10,10,600,400,0,189,3
15,40,6,6,751,5,10,10,600,400,0,147,3
15,40,6,6,751,5,10,10,600,400,0,216,3
15,40,6,6,751,5,10,10,600,400,0,136,3
15,40,6,6,751,5,10,10,600,400,0,148,3
15,40,6,6,751,5,10,10,600,400,0,41,3
15,40,6,6,751,5,10,10,600,400,0,163,3
15,40,6,6,751,5,10,10,600,400,0,96,3
15,40,6,6,751,5,10,10,600,400,0,149,3
15,40,6,6,751,74,10,10,600,700,0,435,3
15,40,6,6,751,74,10,10,600,700,0,404,3
15,40,6,6,751,74,10,10,600,700,0,435,3
15,40,6,6,751,74,10,10,600,700,0,425,3
15,40,6,6,751,74,10,10,600,700,0,365,3
15,40,6,6,751,74,10,10,600,700,0,425,3
15,40,6,6,751,74,10,10,600,700,0,290,3
15,40,6,6,751,74,10,10,600,700,0,324,3
15,40,6,6,751,74,10,10,600,700,0,303,3
15,40,6,6,751,93,10,10,600,600,375,0,3
15,40,6,6,751,93,10,10,600,600,277,0,3
15,40,6,6,751,93,10,10,600,600,315,0,3
15,40,6,6,751,93,10,10,600,600,332,0,3
15,40,6,6,751,93,10,10,600,600,386,0,3
15,40,6,6,751,93,10,10,600,600,310,0,3
15,40,6,6,751,93,10,10,600,600,370,0,3
15,40,6,6,751,93,10,10,600,600,277,0,3
15,40,6,6,751,93,10,10,600,600,381,0,3
15,40,6,6,751,448,10,10,600,600,294,0,3
15,40,6,6,751,448,10,10,600,600,359,0,3
15,40,6,6,751,448,10,10,600,600,294,0,3
15,40,6,6,751,448,10,10,600,600,283,0,3
15,40,6,6,751,448,10,10,600,600,294,0,3
15,40,6,6,751,448,10,10,600,600,315,0,3
15,40,6,6,751,448,10,10,600,600,283,0,3
15,40,6,6,751,448,10,10,600,600,245,0,3
15,40,6,6,751,448,10,10,600,600,223,0,3
15,40,6,6,751,1132,10,10,600,2500,0,1967,3
15,40,6,6,751,1132,10,10,600,2500,0,1972,3
15,40,6,6,751,1132,10,10,600,2500,0,2026,3
15,40,6,6,751,1132,10,10,600,2500,0,1913,3
15,40,6,6,751,1132,10,10,600,2500,0,1823,3
15,40,6,6,751,1132,10,10,600,2500,0,1913,3
15,40,6,6,751,1132,10,10,600,2500,0,1905,3
15,40,6,6,751,1132,10,10,600,2500,0,2126,3
15,40,6,6,751,1132,10,10,600,2500,0,1991,3
15,40,6,6,751,1735,10,10,600,650,0,572,3
15,40,6,6,751,1735,10,10,600,650,0,507,3
15,40,6,6,751,1735,10,10,600,650,0,416,3
15,40,6,6,751,1735,10,10,600,650,0,507,3
15,40,6,6,751,1735,10,10,600,650,0,481,3
15,40,6,6,751,1735,10,10,600,650,0,494,3
15,40,6,6,1570,4,10,10,1300,400,742,0,3
15,40,6,6,1570,4,10,10,1300,400,726,0,3
15,40,6,6,1570,4,10,10,1300,400,642,0,3
15,40,6,6,1570,4,10,10,1300,400,700,0,3
15,40,6,6,1570,4,10,10,1300,400,614,0,3
15,40,6,6,1570,4,10,10,1300,400,714,0,3
15,40,6,6,1570,7,10,10,1300,350,1131,0,3
15,40,6,6,1570,7,10,10,1300,350,1134,0,3
15,40,6,6,1570,7,10,10,1300,350,1161,0,3
15,40,6,6,1570,7,10,10,1300,350,1140,0,3
15,40,6,6,1570,7,10,10,1300,350,1131,0,3
15,40,6,6,1570,7,10,10,1300,350,1149,0,3
15,40,6,6,1570,873,10,10,1300,2800,0,2136,3
15,40,6,6,1570,873,10,10,1300,2800,0,2182,3
15,40,6,6,1570,873,10,10,1300,2800,0,2149,3
15,40,6,6,1570,873,10,10,1300,2800,0,2130,3
15,40,6,6,1570,873,10,10,1300,2800,0,2213,3
15,40,6,6,1570,873,10,10,1300,2800,0,2093,3
15,40,6,6,1570,5,10,10,1300,400,753,0,3
15,40,6,6,1570,5,10,10,1300,400,786,0,3
15,40,6,6,1570,5,10,10,1300,400,727,0,3
15,40,6,6,1570,5,10,10,1300,400,773,0,3
15,40,6,6,1570,5,10,10,1300,400,747,0,3
15,40,6,6,1570,5,10,10,1300,400,689,0,3
15,40,6,6,1570,74,10,10,1300,700,304,0,3
15,40,6,6,1570,74,10,10,1300,700,712,0,3
15,40,6,6,1570,74,10,10,1300,700,470,0,3
15,40,6,6,1570,74,10,10,1300,700,770,0,3
15,40,6,6,1570,74,10,10,1300,700,546,0,3
15,40,6,6,1570,74,10,10,1300,700,676,0,3
15,40,6,6,1570,74,10,10,1300,700,676,0,3
15,40,6,6,1570,74,10,10,1300,700,550,0,3
15,40,6,6,1570,74,10,10,1300,700,600,0,3
15,40,6,6,1570,74,10,10,1300,700,604,0,3
15,40,6,6,1570,93,10,10,1300,600,0,188,3
15,40,6,6,1570,93,10,10,1300,600,176,0,3
15,40,6,6,1570,93,10,10,1300,600,0,183,3
15,40,6,6,1570,93,10,10,1300,600,176,0,3
15,40,6,6,1570,93,10,10,1300,600,398,0,3
15,40,6,6,1570,93,10,10,1300,600,134,0,3
15,40,6,6,1570,93,10,10,1300,600,486,0,3
15,40,6,6,1570,93,10,10,1300,600,0,256,3
15,40,6,6,1570,93,10,10,1300,600,88,0,3
15,40,6,6,1570,93,10,10,1300,600,0,76,3
15,40,6,6,1570,93,10,10,1300,600,0,115,3
15,40,6,6,1570,93,10,10,1300,600,0,102,3
15,40,6,6,1570,93,10,10,1300,600,0,110,3
15,40,6,6,1570,93,10,10,1300,600,0,8,3
15,40,6,6,1570,93,10,10,1300,600,264,0,3
15,40,6,6,1570,93,10,10,1300,600,360,0,3
15,40,6,6,1570,93,10,10,1300,600,226,0,3
15,40,6,6,1570,93,10,10,1300,600,394,0,3
15,40,6,6,1570,93,10,10,1300,600,226,0,3
15,40,6,6,1570,93,10,10,1300,600,96,0,3
15,40,6,6,1570,93,10,10,1300,600,314,0,3
15,40,6,6,1570,448,10,10,1300,600,1038,0,3
15,40,6,6,1570,448,10,10,1300,600,937,0,3
15,40,6,6,1570,448,10,10,1300,600,994,0,3
15,40,6,6,1570,448,10,10,1300,600,864,0,3
15,40,6,6,1570,448,10,10,1300,600,994,0,3
15,40,6,6,1570,448,10,10,1300,600,798,0,3
15,40,6,6,1570,1132,10,10,1300,2500,0,1704,3
15,40,6,6,1570,1132,10,10,1300,2500,0,1539,3
15,40,6,6,1570,1132,10,10,1300,2500,0,1687,3
15,40,6,6,1570,1132,10,10,1300,2500,0,1679,3
15,40,6,6,1570,1132,10,10,1300,2500,0,1876,3
15,40,6,6,1570,1132,10,10,1300,2500,0,1774,3
15,40,6,6,1570,1735,10,10,1300,650,132,0,3
15,40,6,6,1570,1735,10,10,1300,650,0,10,3
15,40,6,6,1570,1735,10,10,1300,650,0,92,3
15,40,6,6,1570,1735,10,10,1300,650,0,65,3
15,40,6,6,1570,1735,10,10,1300,650,295,0,3
15,40,6,6,1570,1735,10,10,1300,650,0,34,3
15,40,6,6,1570,1735,10,10,1300,650,0,210,3
15,40,6,6,1570,1735,10,10,1300,650,0,106,3
15,40,6,6,1570,1735,10,10,1300,650,0,145,3
15,40,6,6,1570,1735,10,10,1300,650,100,0,3
15,40,6,6,1570,1735,10,10,1300,650,0,27,3
15,40,6,6,1570,1735,10,10,1300,650,0,258,3
15,40,6,6,1570,1735,10,10,1300,650,63,0,3
15,40,6,6,1570,1735,10,10,1300,650,233,0,3
15,40,6,6,725,4,10,10,750,400,433,0,3
15,40,6,6,725,4,10,10,750,400,405,0,3
15,40,6,6,725,4,10,10,750,400,453,0,3
15,40,6,6,725,4,10,10,750,400,425,0,3
15,40,6,6,725,4,10,10,750,400,417,0,3
15,40,6,6,725,4,10,10,750,400,445,0,3
15,40,6,6,725,7,10,10,750,350,692,0,3
15,40,6,6,725,7,10,10,750,350,699,0,3
15,40,6,6,725,7,10,10,750,350,694,0,3
15,40,6,6,725,7,10,10,750,350,688,0,3
15,40,6,6,725,7,10,10,750,350,695,0,3
15,40,6,6,725,7,10,10,750,350,691,0,3
15,40,6,6,725,873,10,10,750,2800,0,2034,3
15,40,6,6,725,873,10,10,750,2800,0,1873,3
15,40,6,6,725,873,10,10,750,2800,0,2058,3
15,40,6,6,725,873,10,10,750,2800,0,1961,3
15,40,6,6,725,873,10,10,750,2800,0,2135,3
15,40,6,6,725,873,10,10,750,2800,0,1967,3
15,40,6,6,725,5,10,10,750,400,45,0,3
15,40,6,6,725,5,10,10,750,400,163,0,3
15,40,6,6,725,5,10,10,750,400,0,200,3
15,40,6,6,725,5,10,10,750,400,174,0,3
15,40,6,6,725,5,10,10,750,400,33,0,3
15,40,6,6,725,5,10,10,750,400,57,0,3
15,40,6,6,725,5,10,10,750,400,163,0,3
15,40,6,6,725,5,10,10,750,400,226,0,3
15,40,6,6,725,5,10,10,750,400,172,0,3
15,40,6,6,725,5,10,10,750,400,195,0,3
15,40,6,6,725,5,10,10,750,400,75,0,3
15,40,6,6,725,5,10,10,750,400,195,0,3
15,40,6,6,725,5,10,10,750,400,87,0,3
15,40,6,6,725,5,10,10,750,400,141,0,3
15,40,6,6,725,5,10,10,750,400,163,0,3
15,40,6,6,725,5,10,10,750,400,120,0,3
15,40,6,6,725,5,10,10,750,400,183,0,3
15,40,6,6,725,5,10,10,750,400,193,0,3
15,40,6,6,725,5,10,10,750,400,12,0,3
15,40,6,6,725,5,10,10,750,400,121,0,3
15,40,6,6,725,5,10,10,750,400,130,0,3
15,40,6,6,725,74,10,10,750,700,459,0,3
15,40,6,6,725,74,10,10,750,700,438,0,3
15,40,6,6,725,74,10,10,750,700,495,0,3
15,40,6,6,725,74,10,10,750,700,585,0,3
15,40,6,6,725,74,10,10,750,700,531,0,3
15,40,6,6,725,74,10,10,750,700,342,0,3
15,40,6,6,725,93,10,10,750,600,660,0,3
15,40,6,6,725,93,10,10,750,600,660,0,3
15,40,6,6,725,93,10,10,750,600,650,0,3
15,40,6,6,725,93,10,10,750,600,630,0,3
15,40,6,6,725,93,10,10,750,600,615,0,3
15,40,6,6,725,93,10,10,750,600,660,0,3
15,40,6,6,725,448,10,10,750,600,565,0,3
15,40,6,6,725,448,10,10,750,600,587,0,3
15,40,6,6,725,448,10,10,750,600,503,0,3
15,40,6,6,725,448,10,10,750,600,576,0,3
15,40,6,6,725,448,10,10,750,600,426,0,3
15,40,6,6,725,448,10,10,750,600,576,0,3
15,40,6,6,725,1132,10,10,750,2500,0,1618,3
15,40,6,6,725,1132,10,10,750,2500,0,1733,3
15,40,6,6,725,1132,10,10,750,2500,0,1618,3
15,40,6,6,725,1132,10,10,750,2500,0,1592,3
15,40,6,6,725,1132,10,10,750,2500,0,1618,3
15,40,6,6,725,1132,10,10,750,2500,0,1702,3
15,40,6,6,725,1735,10,10,750,650,0,309,3
15,40,6,6,725,1735,10,10,750,650,0,332,3
15,40,6,6,725,1735,10,10,750,650,0,309,3
15,40,6,6,725,1735,10,10,750,650,0,404,3
15,40,6,6,725,1735,10,10,750,650,0,307,3
15,40,6,6,725,1735,10,10,750,650,0,404,3
40,40,6,6,4,4,10,10,400,400,0,12,3
40,40,6,6,4,4,10,10,400,400,0,84,3
40,40,6,6,4,4,10,10,400,400,0,38,3
40,40,6,6,4,4,10,10,400,400,0,12,3
40,40,6,6,4,4,10,10,400,400,0,38,3
40,40,6,6,4,4,10,10,400,400,0,44,3
40,40,6,6,4,4,10,10,400,400,0,26,3
40,40,6,6,4,4,10,10,400,400,0,10,3
40,40,6,6,4,4,10,10,400,400,0,26,3
40,40,6,6,4,7,10,10,400,350,0,227,3
40,40,6,6,4,7,10,10,400,350,0,211,3
40,40,6,6,4,7,10,10,400,350,0,213,3
40,40,6,6,4,7,10,10,400,350,0,214,3
40,40,6,6,4,7,10,10,400,350,0,216,3
40,40,6,6,4,7,10,10,400,350,0,191,3
40,40,6,6,4,7,10,10,400,350,0,204,3
40,40,6,6,4,7,10,10,400,350,0,230,3
40,40,6,6,4,7,10,10,400,350,0,207,3
40,40,6,6,4,873,10,10,400,2800,0,2564,3
40,40,6,6,4,873,10,10,400,2800,0,2525,3
40,40,6,6,4,873,10,10,400,2800,0,2560,3
40,40,6,6,4,873,10,10,400,2800,0,2543,3
40,40,6,6,4,873,10,10,400,2800,0,2568,3
40,40,6,6,4,873,10,10,400,2800,0,2559,3
40,40,6,6,4,873,10,10,400,2800,0,2545,3
40,40,6,6,4,873,10,10,400,2800,0,2533,3
40,40,6,6,4,873,10,10,400,2800,0,2546,3
40,40,6,6,4,5,10,10,400,400,108,0,3
40,40,6,6,4,5,10,10,400,400,128,0,3
40,40,6,6,4,5,10,10,400,400,134,0,3
40,40,6,6,4,5,10,10,400,400,114,0,3
40,40,6,6,4,5,10,10,400,400,148,0,3
40,40,6,6,4,5,10,10,400,400,120,0,3
40,40,6,6,4,5,10,10,400,400,115,0,3
40,40,6,6,4,5,10,10,400,400,127,0,3
40,40,6,6,4,5,10,10,400,400,134,0,3
40,40,6,6,4,74,10,10,400,700,0,324,3
40,40,6,6,4,74,10,10,400,700,0,332,3
40,40,6,6,4,74,10,10,400,700,0,324,3
40,40,6,6,4,74,10,10,400,700,0,332,3
40,40,6,6,4,74,10,10,400,700,0,304,3
40,40,6,6,4,74,10,10,400,700,0,358,3
40,40,6,6,4,74,10,10,400,700,0,298,3
40,40,6,6,4,74,10,10,400,700,0,312,3
40,40,6,6,4,74,10,10,400,700,0,306,3
40,40,6,6,4,93,10,10,400,600,320,0,3
40,40,6,6,4,93,10,10,400,600,320,0,3
40,40,6,6,4,93,10,10,400,600,320,0,3
40,40,6,6,4,93,10,10,400,600,340,0,3
40,40,6,6,4,93,10,10,400,600,330,0,3
40,40,6,6,4,93,10,10,400,600,340,0,3
40,40,6,6,4,93,10,10,400,600,330,0,3
40,40,6,6,4,448,10,10,400,600,98,0,3
40,40,6,6,4,448,10,10,400,600,116,0,3
40,40,6,6,4,448,10,10,400,600,87,0,3
40,40,6,6,4,448,10,10,400,600,47,0,3
40,40,6,6,4,448,10,10,400,600,69,0,3
40,40,6,6,4,448,10,10,400,600,76,0,3
40,40,6,6,4,448,10,10,400,600,0,72,3
40,40,6,6,4,448,10,10,400,600,105,0,3
40,40,6,6,4,448,10,10,400,600,109,0,3
40,40,6,6,4,1132,10,10,400,2500,0,1952,3
40,40,6,6,4,1132,10,10,400,2500,0,1882,3
40,40,6,6,4,1132,10,10,400,2500,0,1952,3
40,40,6,6,4,1132,10,10,400,2500,0,1977,3
40,40,6,6,4,1132,10,10,400,2500,0,1952,3
40,40,6,6,4,1132,10,10,400,2500,0,1930,3
40,40,6,6,4,1132,10,10,400,2500,0,1906,3
40,40,6,6,4,1132,10,10,400,2500,0,1898,3
40,40,6,6,4,1132,10,10,400,2500,0,1934,3
40,40,6,6,4,1735,10,10,400,650,0,271,3
40,40,6,6,4,1735,10,10,400,650,0,306,3
40,40,6,6,4,1735,10,10,400,650,0,294,3
40,40,6,6,4,1735,10,10,400,650,0,276,3
40,40,6,6,4,1735,10,10,400,650,0,295,3
40,40,6,6,4,1735,10,10,400,650,0,276,3
40,40,6,6,4,1735,10,10,400,650,0,300,3
40,40,6,6,4,1735,10,10,400,650,0,283,3
40,40,6,6,4,1735,10,10,400,650,0,300,3
40,40,6,6,7,7,10,10,350,350,34,0,3
40,40,6,6,7,7,10,10,350,350,46,0,3
40,40,6,6,7,7,10,10,350,350,30,0,3
40,40,6,6,7,7,10,10,350,350,38,0,3
40,40,6,6,7,7,10,10,350,350,56,0,3
40,40,6,6,7,7,10,10,350,350,35,0,3
40,40,6,6,7,7,10,10,350,350,0,30,3
40,40,6,6,7,7,10,10,350,350,11,0,3
40,40,6,6,7,7,10,10,350,350,11,0,3
40,40,6,6,7,873,10,10,350,2800,0,2029,3
40,40,6,6,7,873,10,10,350,2800,0,2038,3
40,40,6,6,7,873,10,10,350,2800,0,1966,3
40,40,6,6,7,873,10,10,350,2800,0,1976,3
40,40,6,6,7,873,10,10,350,2800,0,2014,3
40,40,6,6,7,873,10,10,350,2800,0,2050,3
40,40,6,6,7,873,10,10,350,2800,0,2012,3
40,40,6,6,7,873,10,10,350,2800,0,2093,3
40,40,6,6,7,873,10,10,350,2800,0,2006,3
40,40,6,6,7,74,10,10,350,700,0,637,3
40,40,6,6,7,74,10,10,350,700,0,639,3
40,40,6,6,7,74,10,10,350,700,0,639,3
40,40,6,6,7,74,10,10,350,700,0,646,3
40,40,6,6,7,74,10,10,350,700,0,647,3
40,40,6,6,7,74,10,10,350,700,0,638,3
40,40,6,6,7,74,10,10,350,700,0,647,3
40,40,6,6,7,74,10,10,350,700,0,647,3
40,40,6,6,7,74,10,10,350,700,0,647,3
40,40,6,6,7,93,10,10,350,600,95,0,3
40,40,6,6,7,93,10,10,350,600,135,0,3
40,40,6,6,7,93,10,10,350,600,90,0,3
40,40,6,6,7,93,10,10,350,600,0,110,3
40,40,6,6,7,93,10,10,350,600,95,0,3
40,40,6,6,7,93,10,10,350,600,0,64,3
40,40,6,6,7,93,10,10,350,600,95,0,3
40,40,6,6,7,93,10,10,350,600,0,78,3
40,40,6,6,7,93,10,10,350,600,120,0,3
40,40,6,6,7,93,10,10,350,600,0,128,3
40,40,6,6,7,93,10,10,350,600,120,0,3
40,40,6,6,7,93,10,10,350,600,0,50,3
40,40,6,6,7,93,10,10,350,600,0,82,3
40,40,6,6,7,93,10,10,350,600,0,156,3
40,40,6,6,7,93,10,10,350,600,70,0,3
40,40,6,6,7,93,10,10,350,600,40,0,3
40,40,6,6,7,93,10,10,350,600,175,0,3
40,40,6,6,7,93,10,10,350,600,180,0,3
40,40,6,6,7,448,10,10,350,600,0,438,3
40,40,6,6,7,448,10,10,350,600,0,444,3
40,40,6,6,7,448,10,10,350,600,0,432,3
40,40,6,6,7,448,10,10,350,600,0,453,3
40,40,6,6,7,448,10,10,350,600,0,462,3
40,40,6,6,7,448,10,10,350,600,0,444,3
40,40,6,6,7,448,10,10,350,600,0,456,3
40,40,6,6,7,448,10,10,350,600,0,438,3
40,40,6,6,7,448,10,10,350,600,0,444,3
40,40,6,6,7,1132,10,10,350,2500,0,2284,3
40,40,6,6,7,1132,10,10,350,2500,0,2321,3
40,40,6,6,7,1132,10,10,350,2500,0,2301,3
40,40,6,6,7,1132,10,10,350,2500,0,2340,3
40,40,6,6,7,1132,10,10,350,2500,0,2319,3
40,40,6,6,7,1132,10,10,350,2500,0,2313,3
40,40,6,6,7,1132,10,10,350,2500,0,2300,3
40,40,6,6,7,1132,10,10,350,2500,0,2285,3
40,40,6,6,7,1132,10,10,350,2500,0,2293,3
40,40,6,6,7,1735,10,10,350,650,0,501,3
40,40,6,6,7,1735,10,10,350,650,0,498,3
40,40,6,6,7,1735,10,10,350,650,0,519,3
40,40,6,6,7,1735,10,10,350,650,0,507,3
40,40,6,6,7,1735,10,10,350,650,0,516,3
40,40,6,6,7,1735,10,10,350,650,0,507,3
40,40,6,6,7,1735,10,10,350,650,0,507,3
40,40,6,6,7,1735,10,10,350,650,0,516,3
40,40,6,6,7,1735,10,10,350,650,0,490,3
40,40,6,6,873,873,10,10,2800,2800,705,0,3
40,40,6,6,873,873,10,10,2800,2800,499,68,3
40,40,6,6,873,873,10,10,2800,2800,120,501,3
40,40,6,6,873,873,10,10,2800,2800,236,296,3
40,40,6,6,873,873,10,10,2800,2800,511,133,3
40,40,6,6,873,873,10,10,2800,2800,0,751,3
40,40,6,6,873,873,10,10,2800,2800,208,328,3
40,40,6,6,873,873,10,10,2800,2800,27,510,3
40,40,6,6,873,873,10,10,2800,2800,218,353,3
40,40,6,6,873,873,10,10,2800,2800,152,425,3
40,40,6,6,873,873,10,10,2800,2800,409,275,3
40,40,6,6,873,873,10,10,2800,2800,35,673,3
40,40,6,6,873,873,10,10,2800,2800,416,98,3
40,40,6,6,873,873,10,10,2800,2800,530,0,3
40,40,6,6,873,873,10,10,2800,2800,127,499,3
40,40,6,6,873,1132,10,10,2800,2500,995,0,3
40,40,6,6,873,1132,10,10,2800,2500,551,0,3
40,40,6,6,873,1132,10,10,2800,2500,0,28,3
40,40,6,6,873,1132,10,10,2800,2500,643,0,3
40,40,6,6,873,1132,10,10,2800,2500,289,0,3
40,40,6,6,873,1132,10,10,2800,2500,475,0,3
40,40,6,6,873,1132,10,10,2800,2500,484,0,3
40,40,6,6,873,1132,10,10,2800,2500,611,0,3
40,40,6,6,873,1132,10,10,2800,2500,647,0,3
40,40,6,6,873,1735,10,10,2800,650,2284,0,3
40,40,6,6,873,1735,10,10,2800,650,2337,0,3
40,40,6,6,873,1735,10,10,2800,650,2269,0,3
40,40,6,6,873,1735,10,10,2800,650,2336,0,3
40,40,6,6,873,1735,10,10,2800,650,2285,0,3
40,40,6,6,873,1735,10,10,2800,650,2336,0,3
40,40,6,6,873,1735,10,10,2800,650,2265,0,3
40,40,6,6,873,1735,10,10,2800,650,2206,0,3
40,40,6,6,873,1735,10,10,2800,650,2205,0,3
40,40,6,6,5,7,10,10,400,350,0,130,3
40,40,6,6,5,7,10,10,400,350,0,147,3
40,40,6,6,5,7,10,10,400,350,0,59,3
40,40,6,6,5,7,10,10,400,350,0,115,3
40,40,6,6,5,7,10,10,400,350,0,52,3
40,40,6,6,5,7,10,10,400,350,0,116,3
40,40,6,6,5,7,10,10,400,350,0,86,3
40,40,6,6,5,7,10,10,400,350,0,86,3
40,40,6,6,5,7,10,10,400,350,0,47,3
40,40,6,6,5,873,10,10,400,2800,0,2532,3
40,40,6,6,5,873,10,10,400,2800,0,2578,3
40,40,6,6,5,873,10,10,400,2800,0,2522,3
40,40,6,6,5,873,10,10,400,2800,0,2593,3
40,40,6,6,5,873,10,10,400,2800,0,2538,3
40,40,6,6,5,873,10,10,400,2800,0,2557,3
40,40,6,6,5,873,10,10,400,2800,0,2581,3
40,40,6,6,5,873,10,10,400,2800,0,2516,3
40,40,6,6,5,873,10,10,400,2800,0,2549,3
40,40,6,6,5,5,10,10,400,400,55,0,3
40,40,6,6,5,5,10,10,400,400,100,0,3
40,40,6,6,5,5,10,10,400,400,0,80,3
40,40,6,6,5,5,10,10,400,400,67,0,3
40,40,6,6,5,5,10,10,400,400,102,0,3
40,40,6,6,5,5,10,10,400,400,80,0,3
40,40,6,6,5,5,10,10,400,400,0,107,3
40,40,6,6,5,5,10,10,400,400,61,0,3
40,40,6,6,5,5,10,10,400,400,54,0,3
40,40,6,6,5,5,10,10,400,400,0,115,3
40,40,6,6,5,5,10,10,400,400,0,88,3
40,40,6,6,5,5,10,10,400,400,81,0,3
40,40,6,6,5,5,10,10,400,400,0,34,3
40,40,6,6,5,5,10,10,400,400,67,0,3
40,40,6,6,5,5,10,10,400,400,0,88,3
40,40,6,6,5,5,10,10,400,400,82,0,3
40,40,6,6,5,5,10,10,400,400,0,1,3
40,40,6,6,5,5,10,10,400,400,0,47,3
40,40,6,6,5,5,10,10,400,400,14,0,3
40,40,6,6,5,5,10,10,400,400,114,0,3
40,40,6,6,5,5,10,10,400,400,142,0,3
40,40,6,6,5,74,10,10,400,700,190,0,3
40,40,6,6,5,74,10,10,400,700,92,0,3
40,40,6,6,5,74,10,10,400,700,284,0,3
40,40,6,6,5,74,10,10,400,700,88,0,3
40,40,6,6,5,74,10,10,400,700,226,0,3
40,40,6,6,5,74,10,10,400,700,186,0,3
40,40,6,6,5,74,10,10,400,700,222,0,3
40,40,6,6,5,74,10,10,400,700,248,0,3
40,40,6,6,5,74,10,10,400,700,88,0,3
40,40,6,6,5,74,10,10,400,700,244,0,3
40,40,6,6,5,74,10,10,400,700,164,0,3
40,40,6,6,5,74,10,10,400,700,234,0,3
40,40,6,6,5,74,10,10,400,700,128,0,3
40,40,6,6,5,74,10,10,400,700,146,0,3
40,40,6,6,5,93,10,10,400,600,330,0,3
40,40,6,6,5,93,10,10,400,600,310,0,3
40,40,6,6,5,93,10,10,400,600,320,0,3
40,40,6,6,5,93,10,10,400,600,320,0,3
40,40,6,6,5,93,10,10,400,600,340,0,3
40,40,6,6,5,93,10,10,400,600,330,0,3
40,40,6,6,5,93,10,10,400,600,340,0,3
40,40,6,6,5,93,10,10,400,600,320,0,3
40,40,6,6,5,93,10,10,400,600,350,0,3
40,40,6,6,5,448,10,10,400,600,0,189,3
40,40,6,6,5,448,10,10,400,600,14,0,3
40,40,6,6,5,448,10,10,400,600,0,175,3
40,40,6,6,5,448,10,10,400,600,0,188,3
40,40,6,6,5,448,10,10,400,600,0,143,3
40,40,6,6,5,448,10,10,400,600,0,115,3
40,40,6,6,5,448,10,10,400,600,0,141,3
40,40,6,6,5,448,10,10,400,600,0,194,3
40,40,6,6,5,448,10,10,400,600,0,123,3
40,40,6,6,5,448,10,10,400,600,0,94,3
40,40,6,6,5,1132,10,10,400,2500,0,1924,3
40,40,6,6,5,1132,10,10,400,2500,0,1976,3
40,40,6,6,5,1132,10,10,400,2500,0,1899,3
40,40,6,6,5,1132,10,10,400,2500,0,2019,3
40,40,6,6,5,1132,10,10,400,2500,0,1969,3
40,40,6,6,5,1132,10,10,400,2500,0,1978,3
40,40,6,6,5,1132,10,10,400,2500,0,1941,3
40,40,6,6,5,1132,10,10,400,2500,0,1942,3
40,40,6,6,5,1132,10,10,400,2500,0,1842,3
40,40,6,6,5,1735,10,10,400,650,0,195,3
40,40,6,6,5,1735,10,10,400,650,0,19,3
40,40,6,6,5,1735,10,10,400,650,0,274,3
40,40,6,6,5,1735,10,10,400,650,0,214,3
40,40,6,6,5,1735,10,10,400,650,0,248,3
40,40,6,6,5,1735,10,10,400,650,0,149,3
40,40,6,6,5,1735,10,10,400,650,0,42,3
40,40,6,6,5,1735,10,10,400,650,0,214,3
40,40,6,6,5,1735,10,10,400,650,0,279,3
40,40,6,6,5,1735,10,10,400,650,0,72,3
40,40,6,6,5,1735,10,10,400,650,0,179,3
40,40,6,6,74,873,10,10,700,2800,0,2335,3
40,40,6,6,74,873,10,10,700,2800,0,2340,3
40,40,6,6,74,873,10,10,700,2800,0,2298,3
40,40,6,6,74,873,10,10,700,2800,0,2274,3
40,40,6,6,74,873,10,10,700,2800,0,2336,3
40,40,6,6,74,873,10,10,700,2800,0,2358,3
40,40,6,6,74,873,10,10,700,2800,0,2304,3
40,40,6,6,74,873,10,10,700,2800,0,2374,3
40,40,6,6,74,873,10,10,700,2800,0,2247,3
40,40,6,6,74,74,10,10,700,700,86,0,3
40,40,6,6,74,74,10,10,700,700,34,0,3
40,40,6,6,74,74,10,10,700,700,86,0,3
40,40,6,6,74,74,10,10,700,700,244,0,3
40,40,6,6,74,74,10,10,700,700,274,0,3
40,40,6,6,74,74,10,10,700,700,244,0,3
40,40,6,6,74,74,10,10,700,700,0,258,3
40,40,6,6,74,74,10,10,700,700,120,0,3
40,40,6,6,74,74,10,10,700,700,188,0,3
40,40,6,6,74,74,10,10,700,700,260,0,3
40,40,6,6,74,74,10,10,700,700,0,188,3
40,40,6,6,74,74,10,10,700,700,224,0,3
40,40,6,6,74,74,10,10,700,700,16,0,3
40,40,6,6,74,74,10,10,700,700,50,0,3
40,40,6,6,74,74,10,10,700,700,0,154,3
40,40,6,6,74,74,10,10,700,700,0,226,3
40,40,6,6,74,74,10,10,700,700,104,0,3
40,40,6,6,74,74,10,10,700,700,0,274,3
40,40,6,6,74,74,10,10,700,700,0,68,3
40,40,6,6,74,74,10,10,700,700,156,0,3
40,40,6,6,74,74,10,10,700,700,0,102,3
40,40,6,6,74,93,10,10,700,600,480,0,3
40,40,6,6,74,93,10,10,700,600,530,0,3
40,40,6,6,74,93,10,10,700,600,480,0,3
40,40,6,6,74,93,10,10,700,600,540,0,3
40,40,6,6,74,93,10,10,700,600,490,0,3
40,40,6,6,74,93,10,10,700,600,540,0,3
40,40,6,6,74,93,10,10,700,600,530,0,3
40,40,6,6,74,93,10,10,700,600,510,0,3
40,40,6,6,74,93,10,10,700,600,550,0,3
40,40,6,6,74,448,10,10,700,600,432,0,3
40,40,6,6,74,448,10,10,700,600,406,0,3
40,40,6,6,74,448,10,10,700,600,413,0,3
40,40,6,6,74,448,10,10,700,600,428,0,3
40,40,6,6,74,448,10,10,700,600,461,0,3
40,40,6,6,74,448,10,10,700,600,428,0,3
40,40,6,6,74,448,10,10,700,600,428,0,3
40,40,6,6,74,448,10,10,700,600,362,0,3
40,40,6,6,74,448,10,10,700,600,347,0,3
40,40,6,6,74,1132,10,10,700,2500,0,2037,3
40,40,6,6,74,1132,10,10,700,2500,0,1995,3
40,40,6,6,74,1132,10,10,700,2500,0,1958,3
40,40,6,6,74,1132,10,10,700,2500,0,1963,3
40,40,6,6,74,1132,10,10,700,2500,0,1979,3
40,40,6,6,74,1132,10,10,700,2500,0,1758,3
40,40,6,6,74,1132,10,10,700,2500,0,1746,3
40,40,6,6,74,1132,10,10,700,2500,0,1995,3
40,40,6,6,74,1132,10,10,700,2500,0,1828,3
40,40,6,6,74,1735,10,10,700,650,0,387,3
40,40,6,6,74,1735,10,10,700,650,0,430,3
40,40,6,6,74,1735,10,10,700,650,0,347,3
40,40,6,6,74,1735,10,10,700,650,0,477,3
40,40,6,6,74,1735,10,10,700,650,0,394,3
40,40,6,6,74,1735,10,10,700,650,0,376,3
40,40,6,6,74,1735,10,10,700,650,0,365,3
40,40,6,6,74,1735,10,10,700,650,0,430,3
40,40,6,6,74,1735,10,10,700,650,0,318,3
40,40,6,6,93,873,10,10,600,2800,0,1970,3
40,40,6,6,93,873,10,10,600,2800,0,2110,3
40,40,6,6,93,873,10,10,600,2800,0,2315,3
40,40,6,6,93,873,10,10,600,2800,0,1970,3
40,40,6,6,93,873,10,10,600,2800,0,2107,3
40,40,6,6,93,873,10,10,600,2800,0,1970,3
40,40,6,6,93,873,10,10,600,2800,0,1967,3
40,40,6,6,93,873,10,10,600,2800,0,2039,3
40,40,6,6,93,873,10,10,600,2800,0,1970,3
40,40,6,6,93,93,10,10,600,600,150,0,3
40,40,6,6,93,93,10,10,600,600,220,0,3
40,40,6,6,93,93,10,10,600,600,0,160,3
40,40,6,6,93,93,10,10,600,600,170,0,3
40,40,6,6,93,93,10,10,600,600,0,160,3
40,40,6,6,93,93,10,10,600,600,200,0,3
40,40,6,6,93,93,10,10,600,600,0,100,3
40,40,6,6,93,93,10,10,600,600,190,0,3
40,40,6,6,93,93,10,10,600,600,0,40,3
40,40,6,6,93,93,10,10,600,600,160,0,3
40,40,6,6,93,93,10,10,600,600,170,0,3
40,40,6,6,93,93,10,10,600,600,100,0,3
40,40,6,6,93,93,10,10,600,600,100,0,3
40,40,6,6,93,93,10,10,600,600,230,0,3
40,40,6,6,93,93,10,10,600,600,0,160,3
40,40,6,6,93,93,10,10,600,600,0,210,3
40,40,6,6,93,93,10,10,600,600,0,250,3
40,40,6,6,93,93,10,10,600,600,0,90,3
40,40,6,6,93,93,10,10,600,600,80,0,3
40,40,6,6,93,93,10,10,600,600,140,0,3
40,40,6,6,93,93,10,10,600,600,100,0,3
40,40,6,6,93,448,10,10,600,600,479,0,3
40,40,6,6,93,448,10,10,600,600,419,0,3
40,40,6,6,93,448,10,10,600,600,381,0,3
40,40,6,6,93,448,10,10,600,600,474,0,3
40,40,6,6,93,448,10,10,600,600,386,0,3
40,40,6,6,93,448,10,10,600,600,386,0,3
40,40,6,6,93,448,10,10,600,600,436,0,3
40,40,6,6,93,448,10,10,600,600,430,0,3
40,40,6,6,93,448,10,10,600,600,425,0,3
40,40,6,6,93,1132,10,10,600,2500,0,866,3
40,40,6,6,93,1132,10,10,600,2500,0,1343,3
40,40,6,6,93,1132,10,10,600,2500,0,456,3
40,40,6,6,93,1132,10,10,600,2500,0,774,3
40,40,6,6,93,1132,10,10,600,2500,0,888,3
40,40,6,6,93,1132,10,10,600,2500,40,0,3
40,40,6,6,93,1132,10,10,600,2500,0,846,3
40,40,6,6,93,1132,10,10,600,2500,0,954,3
40,40,6,6,93,1132,10,10,600,2500,0,913,3
40,40,6,6,93,1132,10,10,600,2500,0,910,3
40,40,6,6,93,1132,10,10,600,2500,0,339,3
40,40,6,6,93,1132,10,10,600,2500,52,0,3
40,40,6,6,93,1132,10,10,600,2500,0,43,3
40,40,6,6,93,1132,10,10,600,2500,0,773,3
40,40,6,6,93,1132,10,10,600,2500,0,750,3
40,40,6,6,93,1132,10,10,600,2500,0,1030,3
40,40,6,6,93,1132,10,10,600,2500,88,0,3
40,40,6,6,93,1132,10,10,600,2500,0,745,3
40,40,6,6,93,1735,10,10,600,650,0,560,3
40,40,6,6,93,1735,10,10,600,650,0,560,3
40,40,6,6,93,1735,10,10,600,650,0,570,3
40,40,6,6,93,1735,10,10,600,650,0,545,3
40,40,6,6,93,1735,10,10,600,650,0,580,3
40,40,6,6,93,1735,10,10,600,650,0,570,3
40,40,6,6,93,1735,10,10,600,650,0,540,3
40,40,6,6,93,1735,10,10,600,650,0,580,3
40,40,6,6,93,1735,10,10,600,650,0,570,3
40,40,6,6,448,873,10,10,600,2800,0,2627,3
40,40,6,6,448,873,10,10,600,2800,0,2582,3
40,40,6,6,448,873,10,10,600,2800,0,2625,3
40,40,6,6,448,873,10,10,600,2800,0,2614,3
40,40,6,6,448,873,10,10,600,2800,0,2568,3
40,40,6,6,448,873,10,10,600,2800,0,2575,3
40,40,6,6,448,873,10,10,600,2800,0,2591,3
40,40,6,6,448,448,10,10,600,600,0,168,3
40,40,6,6,448,448,10,10,600,600,217,0,3
40,40,6,6,448,448,10,10,600,600,0,217,3
40,40,6,6,448,448,10,10,600,600,5,0,3
40,40,6,6,448,448,10,10,600,600,0,97,3
40,40,6,6,448,448,10,10,600,600,239,0,3
40,40,6,6,448,448,10,10,600,600,157,0,3
40,40,6,6,448,448,10,10,600,600,0,250,3
40,40,6,6,448,448,10,10,600,600,0,114,3
40,40,6,6,448,448,10,10,600,600,0,250,3
40,40,6,6,448,448,10,10,600,600,108,0,3
40,40,6,6,448,448,10,10,600,600,16,0,3
40,40,6,6,448,448,10,10,600,600,108,0,3
40,40,6,6,448,448,10,10,600,600,135,0,3
40,40,6,6,448,448,10,10,600,600,59,0,3
40,40,6,6,448,448,10,10,600,600,0,76,3
40,40,6,6,448,448,10,10,600,600,97,0,3
40,40,6,6,448,448,10,10,600,600,0,97,3
40,40,6,6,448,448,10,10,600,600,48,0,3
40,40,6,6,448,448,10,10,600,600,108,0,3
40,40,6,6,448,448,10,10,600,600,0,195,3
40,40,6,6,448,1132,10,10,600,2500,0,2166,3
40,40,6,6,448,1132,10,10,600,2500,0,2326,3
40,40,6,6,448,1132,10,10,600,2500,0,2211,3
40,40,6,6,448,1132,10,10,600,2500,0,2092,3
40,40,6,6,448,1132,10,10,600,2500,0,2145,3
40,40,6,6,448,1132,10,10,600,2500,0,2225,3
40,40,6,6,448,1735,10,10,600,650,0,529,3
40,40,6,6,448,1735,10,10,600,650,0,551,3
40,40,6,6,448,1735,10,10,600,650,0,497,3
40,40,6,6,448,1735,10,10,600,650,0,551,3
40,40,6,6,448,1735,10,10,600,650,0,584,3
40,40,6,6,448,1735,10,10,600,650,0,573,3
40,40,6,6,1132,1132,10,10,2500,2500,63,0,3
40,40,6,6,1132,1132,10,10,2500,2500,0,147,3
40,40,6,6,1132,1132,10,10,2500,2500,0,253,3
40,40,6,6,1132,1132,10,10,2500,2500,109,0,3
40,40,6,6,1132,1132,10,10,2500,2500,0,312,3
40,40,6,6,1132,1132,10,10,2500,2500,252,0,3
40,40,6,6,1132,1735,10,10,2500,650,1712,0,3
40,40,6,6,1132,1735,10,10,2500,650,1752,0,3
40,40,6,6,1132,1735,10,10,2500,650,1546,0,3
40,40,6,6,1132,1735,10,10,2500,650,1729,0,3
40,40,6,6,1132,1735,10,10,2500,650,1632,0,3
40,40,6,6,1132,1735,10,10,2500,650,1725,0,3
40,40,6,6,1735,1735,10,10,650,650,0,215,3
40,40,6,6,1735,1735,10,10,650,650,60,0,3
40,40,6,6,1735,1735,10,10,650,650,0,145,3
40,40,6,6,1735,1735,10,10,650,650,60,0,3
40,40,6,6,1735,1735,10,10,650,650,115,0,3
40,40,6,6,1735,1735,10,10,650,650,0,130,3
40,40,6,6,1735,1735,10,10,650,650,0,80,3
40,40,6,6,1735,1735,10,10,650,650,0,55,3
40,40,6,6,1735,1735,10,10,650,650,0,70,3
40,40,6,6,1735,1735,10,10,650,650,0,65,3
40,40,6,6,1735,1735,10,10,650,650,135,0,3
40,40,6,6,1735,1735,10,10,650,650,60,0,3
40,40,6,6,1735,1735,10,10,650,650,0,40,3
40,40,6,6,1735,1735,10,10,650,650,80,0,3
40,40,6,6,1735,1735,10,10,650,650,110,0,3
40,40,6,6,1735,1735,10,10,650,650,15,0,3
40,40,6,6,1735,1735,10,10,650,650,55,0,3
40,40,6,6,1735,1735,10,10,650,650,145,0,3
40,40,6,6,1735,1735,10,10,650,650,0,140,3
40,40,6,6,1735,1735,10,10,650,650,145,0,3
